,RBI,RUN,HIT,HR,SB,OPS,Money_19,kWAR_score,WAR,PA
강로한,25,38,69,4,7,0.65369,2900,449.717,0.39,306
강민호,45,36,81,13,0,0.7192,125000,832.738,1.96,393
강백호,65,72,147,13,9,0.91128,12000,127.421,4.6,505
고종욱,56,76,159,3,31,0.76771,11000,102.206,1.72,513
구자욱,71,66,127,15,11,0.77121,30000,172.499,1.84,526
권희동,41,37,89,6,3,0.71416,14000,155.383,1.21,413
김강민,50,54,114,8,15,0.69358,40000,374.764,1.03,460
김규민,24,33,55,3,2,0.65733,5800,104.586,-0.12,250
김동엽,25,15,42,6,2,0.60386,18500,25.232,-0.93,211
김민성,50,44,94,8,2,0.69442,40000,492.377,1.13,401
김민혁,32,68,131,0,22,0.64795,3900,215.589,0.25,521
김상수,38,76,127,5,21,0.71224,25000,585.671,2.63,543
김선빈,40,55,115,3,5,0.73029,30000,698.688,2.36,447
김성욱,36,38,66,9,6,0.68923,13000,297.528,0.56,333
김성현,34,45,105,1,6,0.60219,28000,872.849,0.26,472
김용의,17,35,39,0,8,0.59486,8500,14.4,-0.53,210
김재호,48,51,101,4,3,0.73688,65000,778.771,2.87,470
김재환,91,76,140,15,3,0.79671,73000,202,2.86,574
김주찬,32,35,101,3,3,0.71367,40000,13.134,0.33,363
김찬형,12,16,39,1,3,0.67698,4300,286.502,0.35,154
김태균,62,47,132,6,3,0.77692,100000,0,1.71,500
김태진,46,44,103,5,12,0.68425,3300,262.562,0.4,399
김하성,104,112,166,19,33,0.88016,32000,785.83,6.77,625
김헌곤,46,57,122,5,10,0.74833,15500,204.6,1.51,467
김현수,82,75,160,11,3,0.80701,130000,166.4,2.77,595
김혜성,32,57,96,0,20,0.69366,7000,598.641,1.6,387
나종덕,13,12,23,3,0,0.38271,4300,551.103,-1.61,209
나주환,20,14,50,3,1,0.57193,32000,278.042,-0.76,245
나지완,17,12,24,6,0,0.66499,60000,15.6,-0.16,153
노수광,28,69,97,2,27,0.64442,26500,234.149,0.33,445
노진혁,43,51,92,13,0,0.77954,10000,569.782,2.2,390
류지혁,34,36,69,0,18,0.60881,12500,430.931,0.32,316
모창민,55,49,104,10,3,0.82379,30000,0,1.68,386
민병헌,43,52,112,9,13,0.83205,125000,311.7,3.45,420
박건우,64,83,146,10,12,0.86245,38500,209.003,4.49,537
박경수,65,43,104,10,0,0.71069,40000,580.759,1.72,490
박계범,25,26,43,4,5,0.74044,3000,278.591,1.18,204
박동원,55,50,94,10,1,0.81203,9000,606.784,2.99,361
박민우,45,89,161,1,18,0.83643,38000,547.529,4.71,526
박병호,98,92,121,33,0,0.95868,150000,0,5.14,532
박석민,74,49,96,19,1,0.87096,75000,261.527,3.76,444
박세혁,63,58,123,4,8,0.73548,10000,1062.025,3.36,505
박승욱,15,24,52,3,4,0.60739,6600,181.675,-0.29,245
박용택,22,19,55,1,3,0.68312,80000,4.934,-0.13,215
박찬호,49,60,131,2,39,0.61783,4200,734.27,0.54,541
박해민,44,64,121,5,24,0.64617,36000,456.506,1.02,581
서건창,41,67,128,2,17,0.7553,35000,282.251,2.35,486
손아섭,63,78,151,10,13,0.76018,150000,210.134,2.1,568
송광민,51,50,120,7,8,0.65496,25000,554.596,0.28,486
신본기,26,43,96,1,3,0.60173,16000,723,0.16,413
심우준,28,54,109,3,24,0.66794,8500,802.905,1.65,433
안치홍,49,45,114,5,4,0.7915,50000,425.345,2.74,408
양의지,68,61,138,20,4,1.01227,200000,721.16,7.02,459
오선진,36,37,88,3,7,0.59526,7500,760.843,0.26,453
오윤석,21,21,44,1,0,0.54212,3000,112.623,-0.94,228
오재원,18,30,29,3,6,0.53851,55000,281.48,-0.55,204
오재일,102,76,137,21,2,0.86327,30000,0,3.45,529
오지환,53,63,119,9,27,0.71732,40000,864.065,3,547
오태곤,35,63,88,6,19,0.66847,8000,16.385,0.1,392
유강남,49,44,113,16,0,0.77185,21000,960.583,3.2,468
유민상,26,23,51,5,0,0.849,4300,0,1.31,202
유한준,86,61,159,14,3,0.82568,60000,74.774,3.22,562
윤석민,17,4,39,2,0,0.54837,24000,69.633,-0.92,178
이대호,88,48,138,16,0,0.79024,250000,0,1.72,549
이명기,36,62,142,2,14,0.71257,22000,244.788,1.01,547
이상호,12,30,65,0,10,0.61414,8000,195.358,-0.48,256
이성열,85,60,106,21,8,0.80693,32000,75.194,2.01,476
이원석,76,44,97,19,2,0.76722,30000,406.843,1.98,455
이원재,36,31,66,8,1,0.70525,5000,31.934,0.06,285
이재원,75,33,121,12,1,0.71759,140000,1034.754,2.53,502
이정후,68,91,193,6,13,0.84241,23000,290.201,4.81,630
이지영,39,40,87,1,5,0.63186,21000,601.37,0.54,331
이창진,48,57,108,6,8,0.74516,3100,406.937,2.33,470
이천웅,48,88,168,2,21,0.75129,15000,420.339,3.41,613
이형종,63,56,120,13,6,0.79912,17000,182.842,2.3,482
임병욱,41,39,92,0,10,0.61907,10000,356.44,0.24,419
장성우,41,25,96,7,0,0.66398,9500,905.288,1.41,413
장영석,62,41,92,7,0,0.65401,5300,292.803,0.04,413
장진혁,24,42,80,1,13,0.66592,3800,216.425,0.36,349
전준우,83,85,164,22,8,0.83941,50000,232.726,3.84,606
정근우,30,37,77,3,8,0.68823,70000,137.831,0.47,305
정수빈,41,75,117,0,26,0.6847,24500,401.017,1.96,513
정은원,57,83,148,8,14,0.69127,5500,702.721,1.56,624
정의윤,59,44,107,13,0,0.78947,30000,74.058,1.47,419
정주현,27,53,87,2,15,0.59946,8800,568.62,-0.37,425
정훈,17,26,43,2,4,0.61367,8000,63.381,-0.26,222
조용호,19,15,55,0,3,0.72002,4000,84.934,0.64,211
지석훈,15,15,34,2,0,0.62826,15000,250.27,-0.01,169
채은성,72,59,148,12,2,0.79202,31000,175.493,2.25,514
채태인,29,11,42,5,0,0.70938,20000,0,-0.03,182
최영진,20,29,63,5,4,0.67437,5300,196.761,0.02,275
최원준,18,33,46,1,8,0.54535,10000,224.517,-0.95,255
최재훈,31,47,108,3,3,0.76014,12500,1015.511,3.62,451
최정,99,86,147,29,3,0.91823,120000,661.361,6.63,606
최주환,47,27,79,4,0,0.69722,38500,295.925,0.74,325
최항,14,12,29,0,2,0.58963,11000,164.64,0,147
최형우,86,65,137,17,0,0.89726,150000,70,4.47,555
한동민,52,52,113,12,0,0.77029,33000,151.134,2.3,502
한동희,9,12,38,2,1,0.55395,4900,193.044,-0.68,207
한승택,27,22,56,3,1,0.60172,6000,696.384,0.44,288
허경민,60,71,137,4,11,0.72062,38500,631.056,2.12,540
허일,17,14,38,1,2,0.61683,3000,46.765,-0.2,162
황재균,67,78,127,20,10,0.82352,120000,602.866,3.67,507
